"code","ÉQUIPEMENT",,"QUANTITÉ",,"LOT","MARQUE","MODELE","Dif. Precio Oferta - Precio ULL"," Precio ULL ","FABRICANTE 1","FABRICANTE 1 Modele","FABRICANTE 1 Prix","FABRICANTE 2","FABRICANTE 2 Modele","FABRICANTE 2 Prix","FABRICANTE 3","FABRICANTE 3 Modele","FABRICANTE 3 Prix","FABRICANTE 4","FABRICANTE 4 Modele","FABRICANTE 4 Prix","FABRICANTE 5","FABRICANTE 5 Modele","FABRICANTE 5 Prix","FABRICANTE 6","FABRICANTE 6 Modele","FABRICANTE 6 Prix"
,"Accessoires pour Table d'opération pour Gynécologie / Urologie","QUIR",1,"BI","LOT MÉDICAL","TRUMPF","SET-GINE/URO","-1,173.28 €"," 3,800.00 € ","OPT",,,"FAMED",,,"GETINGE","1001.65A0 + 1003.23C0 + 1003.45D0"," 1,547.53 € ","BIÇAKCILAR","M9H01000 + AU-OTJ01-001"," 2,626.72 € ",,,,,,
,"Accessoires pour Table d'opération pour Ophtalmologie","QUIR",1,"BI","LOT MÉDICAL","TRUMPF","SET-OFT",," 2,900.00 € ","OPT",,,,,,"GETINGE",,,"BIÇAKCILAR",,,,,,,,
,"Accessoires pour Table d'opération pour Otolaryngology","QUIR",1,"BI","LOT MÉDICAL","TRUMPF","SET-ENT",," 3,092.28 € ","OPT",,,,,,"GETINGE",,,"BIÇAKCILAR",,,,,,,,
,"Accessoires pour Table d'opération pour Traumatologie I","QUIR",1,"BI","LOT MÉDICAL","TRUMPF","SET-FERMUR-SUPINO","-4,658.62 €"," 9,600.00 € ","OPT",,,"FAMED",,,"GETINGE","1419.01B0 + 1003.34A0 + 1003.67A0 + 1001.97A0"," 12,515.90 € ","BIÇAKCILAR","M3F10000+M9M00000+M3P10000+M9P00000+M9I23050+M9J20050"," 4,941.38 € ",,,,,,
"HYGE-024","Adoucisseur d'eau","CEYE",1,"BI","LOT MÉDICAL","MATACHANA","DAC-100 (828101)",86.00 €," 1,730.00 € ",,,,"MATACHANA","95053.7 + 98471.3"," 1,816.00 € ",,,,,,,,,,,,
"MMMI-354","Amplificateur de brillance, avec intensificateur de image","RX",1,"BI","LOT MÉDICAL","PHILIPS","VERADIUS UNITY","-97,263.00 €"," 138,000.00 € ","BMI BIOMEDICAL","BCA-9S Plus Mobile"," 40,737.00 € ","SHIMADZU",,,"SIEMENS",,,"PHILIPS",,,,,,"GE",,
,"Anaérobie, contenant","LAB BASE",1,"BI","LOT MÉDICAL","DONWHITLEY ","JA9",-325.45 €," 600.00 € ",,,,"BIOGEN","STT-3380302"," 274.55 € ","DONWHITLEY (NIRCO)","JA9"," 496.14 € ",,,,,,,,,
"MMLA-009","Analyseur d’hématologie","LAB",1,"BI","LOT MÉDICAL","SYSMEX","XE5000","-112,518.40 €"," 118,732.69 € ",,,,"BIOSYSTEMS",,,"SIEMENS (EMAK)","ADVIA 560"," 17,669.09 € ","SYSMEX","XN-350"," 13,143.92 € ","ABBOT (BIOMAX MAURITANIE)",,,"ACJ - MINDRAY","BC20S"," 6,214.29 € "
"MMLA-013","Analyseur d'urine, semi-automatiques bandes ","LAB",1,"BI","LOT MÉDICAL","ROCHE","COBAS-u411",-136.51 €," 3,255.36 € ","ROCHE","U411"," 4,560.00 € ","BIOSYSTEMS",,,"SIEMENS (EMAK)","CLINITEK STATUS"," 677.94 € ","SYSMEX","UC1000"," 3,118.85 € ","ABBOT (BIOMAX MAURITANIE)",,,"BECKMAN COULTER",,
,"Armoire haute, acero inox., 2 portes","MC",1,"MC","LOT MÉDICAL",,,,,"MESPA","MD4360"," 913.79 € ","SALVADOR NAVARRO","VA.20.200I"," 770.63 € ",,,,,,,"INMOCLINIC",24173," 722.73 € ",,,
"MMOP-081","Arthroscopy appareil","ENDO","Optionnel","BI","LOT MÉDICAL","OLYMPUS","ARTRO","-22,545.45 €"," 25,000.00 € ","OLYMPUS",,,"PENTAX (SINMEDICA)",,,,,,,,,"OPTOMIC",32613846," 2,454.55 € ",,,
"MMHA-003","Aspirateur portable, 30 l/mim","DIAGN",3,"BI","LOT MÉDICAL","HERSILL","V-7-PLUS ac (5320241)",374.85 €," 510.65 € ",,,,"HERSILL","V7 (5320271)"," 885.50 € ","ATMOS","C341"," 783.75 € ","BIÇAKCILAR","Vaculine Mini Aspirator (20 l/min) WITH STAND M8F20000"," 431.03 € ",,,,"ARDO (DIREX)","SENATOR + Carro"," 3,500.00 € "
"MMGE-101","Aspirateur pour l'environnement chirurgical","DIAGN",1,"BI","LOT MÉDICAL","HERSILL","EUROVAC H-90",-586.00 €," 1,300.00 € ",,,,"HERSILL","EUROVAC H50"," 714.00 € ","ATMOS","C451"," 2,865.00 € ","BIÇAKCILAR","Vaculine Maxi E M4E65000"," 474.14 € ",,,,"ARDO (DIREX)","SENATOR + Carro"," 3,500.00 € "
"MMLA-078","Automatisé bactérienne identification I","LAB",1,"BI","LOT MÉDICAL","BIOMERIEUX","VITEK 2  - 30",," 47,553.85 € ","BECTON DICKINSON",,,"BIOSYSTEMS",,,"SIEMENS",,,,,,"BIOMEREUX","VITEK 2  - 30"," 47,553.85 € ","BECKMAN COULTER","AutoScan-4 System",
"MMMA-015","Berceau de la chaleur rayonnante a/ réanimateur","NEO",1,"BI","LOT MÉDICAL","DRAEGER","RESUSCITAIRE","-2,223.98 €"," 15,523.98 € ","ATOM MEDICAL  (B+C)","SUNFLOWER"," 13,300.00 € ",,,,,,,"PHILIPS",,,"DRAEGUER",,,"GE",,
"MMMA-006","Berceau nouveau-né II","MC",3,"MC","LOT MÉDICAL","GIVAS","SL 6000","-1,096.29 €"," 1,437.69 € ",,,,"SALVADOR NAVARRO","CN.05.801P"," 341.40 € ","MEDISA","MCH11"," 392.00 € ","PHILIPS",,,,,,,,
"MMBE-012","Brancard de transport, avec barres et  frein central","MC",4,"MC","LOT MÉDICAL",,,,,"MESPA","VELO BASIC"," 482.76 € ","SALVADOR NAVARRO","BS1504"," 1,900.00 € ","MEDISA","TRANSMED2"," 1,746.00 € ","BIÇAKCILAR","MOBILINE 650 M2M40000"," 1,379.31 € ","INMOCLINIC",10005," 854.81 € ","HIDEMAR","H35"," 524.00 € "
"MMBE-008","Branscard des procédures, au rayonnement, avec le poteau","MC",1,"MC","LOT MÉDICAL",,,,,"MESPA","VELO ADVANCE"," 1,250.00 € ","SALVADOR NAVARRO","BT1200"," 2,450.00 € ","MEDISA","TRANSMED3",,"BIÇAKCILAR","MOBILINE 675 M2Y00000 + M2N40450"," 1,862.07 € ","INMOCLINIC",10005," 854.81 € ",,,
"MMLA-041","Cabine anaérobie","LAB BASE",1,"BI","LOT MÉDICAL","DONWHITLEY","MG500 + TG Airlock","-36,224.56 €"," 56,042.31 € ",,,,"BIOGEN","BACTRONEZ"," 19,817.75 € ","DONWHITLEY (NIRCO)","A20 Anaerobic Workstation"," 26,968.87 € ","LABOLAND","BACTRONEZ"," 19,843.00 € ",,,,,,
"MMMI-342","Cámera laser pour la radiologie","RX",1,"BI","LOT MÉDICAL",,,,,,,,"KONICA","DRYPRO SIGMA II"," 6,900.00 € ","SIEMENS",,,"PHILIPS",,,,,,,,
,"Centre de diagnostic muraux (Oto / Oft)","DIAGN",8,"BI","LOT MÉDICAL","HEINE","EN100 + K1003.5 + K1803.5 + B0011.146 + M00.09.311 + M00.09.641",286.00 €," 530.00 € ",,,,"HANS E RUTH","EN200 +K100+K180+ACC",816,,,,"WELLCH ALLYN",,,,,,,,
"MMLA-036","Centrifugeuse, table II","LAB BASE",1,"BI","LOT MÉDICAL","HERAEUS (THERMO-SCIENTIFIC)","MEGAFUGE-16","-3,015.31 €"," 5,265.31 € ",,,,"THERMO SCIENTIFIC","Megafuge ST1 Plus + TX-400 Blood Tube Package"," 6,604.80 € ",,,,"LABOLAND","CENTRIFUGA ROTOR OSC. 4x100ml"," 2,250.00 € ",,,,,,
"MMBE-044","Chariot à rouleaux et à papier","CEYE",1,"BI","LOT MÉDICAL",,,,,,,,"MATACHANA","85042.1"," 1,170.00 € ","MEDISA",,,,,,,,,,,
"MMGE-123","Chariot de chargement et de déchargement","CEYE",2,"BI","LOT MÉDICAL","MATACHANA",75012.2,-180.00 €," 1,450.00 € ",,,,"MATACHANA","75001.3"," 1,270.00 € ",,,,,,,,,,,,
"MMGE-130","Chariot de médicaments","MC",3,"MC","LOT MÉDICAL","INSAUSTI",3515,-145.68 €," 882.75 € ","MESPA","HOSPITOOL MC"," 737.07 € ","SALVADOR NAVARRO","IN-1809W"," 1,701.00 € ","MEDISA",,,,,,"INMOCLINIC",72020," 1,160.83 € ",,,
"MMGE-116","Chariot de médicaments pour anesthésie  ","MC",2,"MC","LOT MÉDICAL","INSAUSTI",3515,-257.71 €," 882.75 € ","MESPA","HOSPITOOL AC"," 754.31 € ","SALVADOR NAVARRO","IN-3607B"," 1,232.00 € ","MEDISA",,,,,,"INMOCLINIC","10510+10182/70+29+13"," 625.04 € ","HIDEMAR","H7775 ANS"," 1,351.00 € "
"MMGE-135","Chariot de soins d'hôpital multifonctionnel, en acier inox et ABS","MC",7,"MC","LOT MÉDICAL",,,,,"MESPA","MD4130"," 201.72 € ","SALVADOR NAVARRO","CT.95.130IP+CUB11L"," 432.18 € ","MEDISA",,,,,,"INMOCLINIC",10500," 722.47 € ","HIDEMAR","H773EB"," 745.00 € "
"MMGE-134","Chariot d'urgence ","MC",6,"MC","LOT MÉDICAL","HERSILL","CAVS (5230500) + 4230505",62.53 €," 643.50 € ","MESPA","HOSPITOOL EC"," 706.03 € ","SALVADOR NAVARRO","IN-Q250R"," 1,410.00 € ","MEDISA",,,,,,"INMOCLINIC","10500+10182/6+11+10+25"," 950.68 € ",,,
"MMGE-119","Chariot multipurpose, 640x480x980 mm","MC",6,"MC","LOT MÉDICAL",,,,,,,,"SALVADOR NAVARRO","CT.95.500IP"," 786.17 € ","MEDISA",,,,,,"INMOCLINIC",14003," 169.35 € ","HIDEMAR","H775"," 707.00 € "
"MMOP-093","Chariot, nourrice","MC",1,"MC","LOT MÉDICAL","CARDINAL HEALTH","C-NODRIZA","-3,260.04 €"," 4,240.00 € ",,,,"SALVADOR NAVARRO","IN606OP10M10TP(8)C5(2)72"," 2,496.00 € ","MEDISA",,,,,,"INMOCLINIC",10712.4571428571," 979.96 € ",,,
"MMOP-085","Châssis d'anesthésie","CEYE",1,"BI","LOT MÉDICAL",,,,,,,,"MATACHANA","94815.4"," 1,960.00 € ","MEDISA",,,,,,,,,,,
"MMSP-020","Colonne de plafond pour l'anesthésie et chirurgie endoscopique","SKYBOOMS","Optionnel","BI","LOT MÉDICAL","DRAEGER","AGILA-LIFT-SURGICAL + MOVITA-LIFT-ANETH + MOVITA-LIFT-ENDOSCOPY","-33,235.24 €"," 39,092.00 € ","PEGISDAN","QJ"," 9,771.00 € ",,,,,,,,,,"DRAEGUER",,,"TEDISEL","S-Column"," 5,856.76 € "
"MMOP-011","Coloposcope","ENDO",1,"BI","LOT MÉDICAL","ZEISS","150 FC","6,067.09 €"," 7,276.01 € ","OLYMPUS",,,,,,"ATMOS","i VIEW 21"," 12,421.00 € ",,,,"OPTOMIC","OP-C5 + ESTATIVO"," 13,343.10 € ",,,
"MMSP-034","Plafond de la colonne pour l'anesthésie et de la chirurgie (I)","SKYBOOMS",1,"BI","LOT MÉDICAL","DRAEGER","MOVITA-LIFT-ANETH + AGILA-LIFT-SURGICAL","-17,286.07 €"," 22,983.00 € ","PEGISDAN","PGD-XJ"," 9,200.00 € ",,,,,,,,,,"DRAEGUER",,,"TEDISEL","S-Column"," 5,696.93 € "
"MMLA-044","Compteur de colonies","LAB BASE",1,"BI","LOT MÉDICAL","I.U.L.",602,-845.00 €," 1,400.00 € ","IUL","DOT"," 814.50 € ","BIOGEN","STT-3081502"," 1,093.95 € ",,,,"LABOLAND",59110," 555.00 € ",,,,,,
,"Conseil de rouleau de transfert des patients",,1,"MC","LOT MÉDICAL","SAMARIT","ROLLER BOARD",-692.31 €," 692.31 € ",,,,"SALVADOR NAVARRO","MC9120"," 352.00 € ",,,,,,,,,,,,
"MMMA-009","Couveuse de transport (Incubateur néonatale) avec ventilateur","NEO",1,"BI","LOT MÉDICAL",,,,,"ATOM MEDICAL  (B+C)","IncuArch + TV100 + Carro"," 30,000.00 € ",,,,,,,,,,"DRAEGUER",,,,,
"MGFP-004","Débitmètre Oxygène médical avec humidificateur","ACC GAS",22,"BI","LOT MÉDICAL",,,,,"PENLON","9910-176 + 9410-006"," 83.07 € ",,,,,,,,,,,,,"TEDISEL",," 79.36 € "
"MGFP-002","Débitmètre, air médical ","ACC GAS",24,"BI","LOT MÉDICAL","PENLON",9910030,-16.65 €," 75.15 € ","PENLON","9910-030"," 58.50 € ",,,,,,,,,,,,,"TEDISEL",," 57.00 € "
"MMHA-002","Défibrillateur biphasique","MONITOR",5,"BI","LOT MÉDICAL","PHILIPS","HEARTSTART XL (M4735A)","-3,531.00 €"," 7,381.00 € ","SCHILLER",,,"HANS E RUTH","RESCUE SAM"," 1,012.00 € ","BEXEN","REANIBEX-500 EMS"," 3,850.00 € ","PHILIPS",,,,,,,,
,"Dispositif de coupe (sachets de stérilisation)","CEYE",1,"BI","LOT MÉDICAL",,,,,,,,"MATACHANA","95357.5"," 542.00 € ",,,,,,,,,,,,
"FQSM-017","Distributeur de matériel stérile, double, en acier inoxydable. ",,3,"MC","LOT MÉDICAL",,,,,"PROVITA","T2170032"," 195.60 € ",,,,,,,,,,,,,,,
"FIDI-014","Distributeur, des gants, un mur",,4,"MC","LOT MÉDICAL","BRISTOL MAID","SS/48/3",-158.64 €," 158.64 € ","PROVITA","Z2N09363"," 72.00 € ",,,,,,,,,,,,,,,
"MMBE-023","Divan d’examen à hauteur fixe, 2 sections","MC",6,"MC","LOT MÉDICAL","INMOCLINC",14763,-173.23 €," 305.00 € ","MESPA","MS1610"," 155.17 € ","SALVADOR NAVARRO","MR.27.180C+SP"," 156.12 € ","MEDISA","MCH03"," 202.00 € ","BIÇAKCILAR",,,"INMOCLINIC",14745," 131.77 € ","HIDEMAR","H03 EPOXY"," 209.00 € "
"MMBE-023","Divan d’examen à hauteur fixe, 2 sections gynécologique","MC",1,"MC","LOT MÉDICAL",,,,,"MESPA","MS1420"," 406.90 € ","SALVADOR NAVARRO","MG.15.260P"," 986.30 € ","MEDISA","FIX"," 1,288.00 € ","BIÇAKCILAR","EXAMLINE 740 GYN M2S30000 + FOOT SUPPORT"," 3,043.10 € ","INMOCLINIC",14655," 1,256.54 € ","HIDEMAR","H1067 EPOXY"," 675.00 € "
"MMBE-024","Divan d’examen à hauteur variable, 2 sections","MC",1,"MC","LOT MÉDICAL",,,,,"MESPA","MS1630"," 87.93 € ","SALVADOR NAVARRO","MRL.2080H"," 753.61 € ","MEDISA","OMEGABASIC"," 867.00 € ","BIÇAKCILAR",,,"INMOCLINIC",14900," 851.77 € ","HIDEMAR","H05EH EPOXY"," 889.00 € "
"MMMI-329","Échographe haute résolution, avec sonde transvaginal pour OB/Gyn","RX",1,"BI","LOT MÉDICAL","TOSHIBA","XARIO LG (SSA-660A)","-84,563.93 €"," 103,640.50 € ","ESAOTE",,,"KONICA","SONIMAGE HS2"," 27,200.00 € ","SIEMENS",,,"PHILIPS",,,"CANON","XARIO 200G"," 28,900.00 € ","ACJ - MINDRAY","DC60 + V11-3 + D7-2"," 19,076.57 € "
"MMMI-329","Echographie portable de type ordinateur portable","RX",1,"BI","LOT MÉDICAL",,,,,"ESAOTE",,,"MEDICALMIX","COMPACT TOUCH B + Biomet + Paquim"," 14,003.09 € ","SIEMENS",,,"PHILIPS",,,"CANON","XARIO 100G"," 24,900.00 € ","ACJ - MINDRAY","M6 + 3C5S"," 9,324.29 € "
"MMHA-029","Equip. Reanimación manual, neonatal","DIAGN",1,"BI","LOT MÉDICAL","HERSILL","REVIVATOR-PLUS-BEBES (5200620)",-30.63 €," 108.55 € ",,,,"HERSILL","REVIVATOR-PLUS-BEBES (5200620)"," 77.92 € ",,,,,,,,,,,,
"MMGE-023","Fauteuil de prélèvement avec repose-bras; Haute variable electrique","MC",1,"MC","LOT MÉDICAL",,,,,,,,"SALVADOR NAVARRO","SEP.650E"," 1,230.05 € ","MEDISA","MEDBLOOD"," 1,334.00 € ",,,,,,,,,
"MMGE-019","Fauteuil, malade","LIT",12,"MC","LOT MÉDICAL","DWR","Flaight Recliner",-555.49 €," 794.24 € ",,,,,,,"MEDISA","FLOW4R"," 504.00 € ",,,,,,,"HIDEMAR","H1200"," 238.75 € "
"MMGE-019","Fauteuil, malade II","LIT",2,"MC","LOT MÉDICAL","BRAYTON","H562",-991.95 €," 1,495.95 € ",,,,,,,"MEDISA","FLOW4R"," 504.00 € ",,,,,,,,,
,"Gonadique protecteur","ACC RX",1,"MC","LOT MÉDICAL","ANKO EUROPA","AN-79-P-M-G",-18.60 €," 71.00 € ","DEXTRO MEDICA","X1723401"," 52.40 € ",,,,,,,,,,,,,,,
"MMGE-123","Guéridon, bandage / instrument, acier inoxydable","MC",13,"MC","LOT MÉDICAL","INMOCLINC",10540,-377.31 €," 579.03 € ","MESPA","MD4130"," 201.72 € ","SALVADOR NAVARRO","CY.03.000I"," 528.55 € ",,,,,,,"INMOCLINIC",10540," 614.29 € ",,,
"MMLA-021","Hotte à filtration","LAB BASE",1,"MC","LOT MÉDICAL","THERMO SCIENTIFIC","HYPERCLEAN-36","1,376.54 €"," 1,103.46 € ",,,,,,,,,,"LABOLAND","FLOWLAN GN"," 2,480.00 € ",,,,,,
"MMLA-020","Hotte a flux laminaire","LAB BASE",1,"BI","LOT MÉDICAL","TELSTAR","BIO-II A + MESA","-5,076.00 €"," 6,916.00 € ",,,,"THERMO SCIENTIFIC","HERAGUARD ECO 0.9"," 5,627.50 € ",,,,"LABOLAND","IDL.48V"," 1,840.00 € ",,,,,,
"MMLA-019","Hotte a flux laminaire microbiologique","LAB BASE",1,"BI","LOT MÉDICAL","TELSTAR","BIO-II A + MESA","-1,018.00 €"," 6,916.00 € ",,,,"THERMO SCIENTIFIC","MSC-ADVANTAGE 0.9"," 7,481.25 € ",,,,"LABOLAND","SAFEMATE EZ 1.2"," 5,898.00 € ",,,,,,
"MMLA-061","Incubateur, 70 ° C, ","LAB BASE",1,"BI","LOT MÉDICAL","HERAEUS (THERMO-SCIENTIFIC)","B12",-632.07 €," 1,457.07 € ",,,,"THERMO SCIENTIFIC","INCUBATOR GP100L"," 1,576.80 € ",,,,"LABOLAND","INDL.CI80"," 825.00 € ",,,,,,
"MMHA-027","Insufflateur adulte,  manuel ","DIAGN",5,"BI","LOT MÉDICAL","HERSILL","REAVIVATOR PLUS (5200600)",-19.67 €," 97.58 € ",,,,"HERSILL","REAVIVATOR PLUS (5200600)"," 77.92 € ",,,,,,,,,,,,
"MMGE-060","Intrapartum Moniteur foetal avec support roulant","MATERNO",3,"BI","LOT MÉDICAL","PHILIPS","FM30","-15,126.92 €"," 20,326.92 € ",,,,"HANS E RUTH","EDAN F9+DECG+IUP"," 5,200.00 € ",,,,"PHILIPS",,,,,,"GE",,
,"Jeu de châssis réutilisables","RX",1,"BI","LOT MÉDICAL",,,,,"FUJIFILM",,,"KONICA","(35X43 + 24X30)x 2"," 1,000.00 € ",,,,,,,,,,,,
"MMGE-145","Kanban, ensemble, grd.","KANBAN",14,"MC","LOT MÉDICAL","MMS","E-4560210-LVI",-544.92 €," 575.04 € ","MMS","CM102604020"," 30.12 € ",,,,,,,,,,,,,,,
"MMGE-145","Kanban, étagères, inc","KANBAN",1,"MC","LOT MÉDICAL","MMS","EM-SECC.INIC.10G",-143.83 €," 594.28 € ","MMS","MS210684510"," 450.45 € ",,,,,,,,,,,,,,,
"MMGE-145","Kanban, étagères, suite","KANBAN",5,"MC","LOT MÉDICAL","MMS","EM-SECC.SIG.10G",-852.94 €," 983.36 € ","MMS","MS210654510"," 130.42 € ",,,,,,,,,,,,,,,
"MMLA-054","Lab réfrigérateur en acier inoxydable, 1 portes, 6 tablettes","LAB BASE",1,"BI","LOT MÉDICAL","HELMER SCIENTIFIC","HLR256","-3,979.33 €"," 5,704.33 € ",,,,,,,,,,"LABOLAND",211556," 1,725.00 € ",,,,,,
"MMMA-005","Lampe de photothérapie, à roulettes.","NEO",1,"BI","LOT MÉDICAL",,,,,"NATUS (B+C)","NEOBLUE"," 4,350.00 € ",,,,,,,,,,,,,,,
"MMOP-035","Lampe d'examen, mobile","DIAGN",10,"BI","LOT MÉDICAL","HEINE","HL-1200 (HJ 005.27.067)",-399.04 €," 521.04 € ","PROVITA","L121124A"," 421.20 € ","HANS E RUTH","EL10LED"," 1,080.00 € ","GETINGE","LUCEA LED 10 EXAMINATION LIGHT + POWER CORD C7"," 695.00 € ","BIÇAKCILAR","LUXLINE 60LED M1545000"," 853.45 € ",,,,"HIDEMAR","H361"," 122.00 € "
"MMOP-073","Laparoscopie chirurgicale","ENDO","Optionnel","BI","LOT MÉDICAL","RICHARD-WOLF","LAPARO-QUIR","-2,884.11 €"," 7,216.00 € ","OLYMPUS",,,,,,,,,,,,"OPTOMIC",32833377," 4,331.89 € ",,,
"MMOP-030","Laryngoscope, adultes et pédiatrique","DIAGN",6,"BI","LOT MÉDICAL","HERSILL","LARINGOSCOPIO-AD-PED",350.00 €," 210.00 € ","OLYMPUS",,,"HANS E RUTH","HF11910860"," 560.00 € ",,,,,,,,,,,,
"MMIC-087","Laveuse - Désinfecteur, barrière sanitaire","CEYE",1,"BI","LOT MÉDICAL","STERIS","RELIANCE-EPS","-13,838.99 €"," 28,466.79 € ","OLYMPUS",,,"MATACHANA","94811 + 94824.8 + 94999 + 98363.2"," 14,877.10 € ",,,,,,,,,,,,
"MMBE-006","Lit - table d'accouchement, hydraulique","LIT",3,"MC","LOT MÉDICAL",,,,,"MESPA","RELAX1080"," 1,280.17 € ","FAMED",,,"MEDISA","OPTIMA"," 3,950.00 € ",,,,,,,,,
"MMBE-002","Lit d'hôpital, mécanique, 3 plans, hauteur variable)","LIT",12,"MC","LOT MÉDICAL",,,,,"MESPA","MCARE3"," 948.28 € ","FAMED",,,"MEDISA","ARGUS+CHV50"," 710.00 € ",,,,,,,,,
"MMBE-001","Lit, malade, électrique III","LIT",2,"MC","LOT MÉDICAL","HILL-ROM","AVANTGUARD",-815.34 €," 1,763.62 € ","MESPA","MCARE3"," 948.28 € ","FAMED",,,"MEDISA","GALAXYII+CHV50"," 1,488.00 € ",,,,,,,,,
"MMBE-013","Lits spécialisés pour les soins intensifs","LIT",4,"MC","LOT MÉDICAL","HILL-ROM","TOTALCARE TC555","-21,051.72 €"," 22,000.00 € ","MESPA","MCARE3"," 948.28 € ","FAMED",,,"MEDISA","GALAXYII+CHV53+CHV84+CHV26+CHA15R"," 1,896.00 € ",,,,,,,,,
"MMIC-031","Machine à souder les sachets","CEYE",1,"BI","LOT MÉDICAL",,,,,,,,"MATACHANA","95352.2"," 1,770.00 € ",,,,,,,,,,,,
"FQBS-053","Marche-pied, 1 étape","MC",1,"#N/A","#N/A","HIDEMAR","H-43 (4300)",-4.38 €," 28.50 € ",,,,"SALVADOR NAVARRO","BN.01.000P"," 24.12 € ",,,,,,,,,,"HIDEMAR","H43 EPOXY"," 26.00 € "
"FQBS-053","Marche-pied, 2 étape","MC",9,"MC","LOT MÉDICAL","HIDEMAR","H-44 (4400)",-3.70 €," 51.75 € ",,,,"SALVADOR NAVARRO","BN.02.000P"," 48.05 € ",,,,,,,,,,"HIDEMAR","H44 EPOXY"," 53.00 € "
,"Matelas pour lit médicalisé","LIT",12,"#N/A","#N/A","SYSTAM","COMBIFLEX",-192.13 €," 290.13 € ","MESPA","MS2205"," 56.03 € ",,,,"MEDISA","MEDICARE"," 98.00 € ",,,,,,,,,
"MMOP-076","Mayo table, hauteur variable, en acier inoxydable","MC",3,"MC","LOT MÉDICAL","INMOCLINC",14523,-405.21 €," 549.21 € ","MESPA","MD4180"," 237.07 € ","SALVADOR NAVARRO","MI.62.401I"," 176.80 € ",,,,,,,"INMOCLINIC",14530," 166.37 € ","HIDEMAR","H21"," 144.00 € "
"MMLA-063","Microscope binoculaire","LAB BASE",1,"BI","LOT MÉDICAL","OLYMPUS","CX-31",-721.15 €," 1,347.15 € ","OLYMPUS","CX23"," 1,150.40 € ","PENTAX (SINMEDICA)",,,,,,"LABOLAND","167N"," 626.00 € ","ZEISS",,,"LEICA",,
"MMOP-050","Microscope chirurgical OFT","MICRO QUIR","Optionnel","BI","LOT MÉDICAL","LEICA-MICROSYSTEMS","M620F20",," 50,416.00 € ","ZEISS",,,"LEICA",,,,,,,,,,,,,,
"MMOP-027","Module 4 IV gestion de la seringue de la pompe à perfusion et le réseautage","INFUSION",1,"#N/A","#N/A","B.BRAUN","PERFUSOMAT-SPACE (4-MODULE)","-5,835.00 €"," 8,925.00 € ","BECTON DICKINSON","ALARIS Gateway 5 celdas"," 4,025.00 € ","BBRAUN","8713140+8713145+873160"," 3,090.00 € ",,,,,,,,,,,,
"MMOP-027","Module 4 vol pompes à perfusion a/ la direction et la mise en réseau","INFUSION",1,"BI","LOT MÉDICAL","B.BRAUN","INFUSOMAT-SPACE (4-MODULE)","-5,835.00 €"," 8,925.00 € ","BECTON DICKINSON","ALARIS Gateway 3 celdas"," 4,497.00 € ","BBRAUN","8713140+8713145+873160"," 3,090.00 € ",,,,,,,,,,,,
"MMGE-072","Moniteur de paramètres vitaux pour la centrale EGC, TªPNI, IP, SpO2, EtCO2","MONITOR",1,"#N/A","#N/A","DRAEGER","HEMOMED + EtCO2 + POD MULTIMED 12","-6,505.00 €"," 10,305.00 € ","SCHILLER",,,"HANS E RUTH","IM60+ECG12+PI+CO2E+TACTIL"," 3,800.00 € ",,,,,,,"DRAEGUER",,,"ACJ - COMEN","C70"," 7,642.86 € "
"MMGE-072","Moniteur de paramètres vitaux, NIBP & SpO2, avec support roulant","MONITOR",6,"BI","LOT MÉDICAL","PHILIPS","SURESIGN-VS2  ","-1,325.00 €"," 2,765.00 € ","SCHILLER",,,"HANS E RUTH","IM3+MT-206"," 1,440.00 € ","GETINGE",,,"PHILIPS",,,,,,"ACJ - COMEN","NC3"," 917.14 € "
"MMGE-065","Moniteur de transport néonatal","MONITOR",1,"BI","LOT MÉDICAL","DRAEGER","INFINITY-VISTA + BATERIA + ACC-NEONATAL","-8,165.63 €"," 9,257.63 € ","SCHILLER",,,"HANS E RUTH","IM8B"," 1,092.00 € ",,,,"PHILIPS",,,"DRAEGUER",,,"ACJ - COMEN","C60"," 2,871.43 € "
"MMGE-057","Moniteur électrocardiogramme (ECG 12 canaux)","MONITOR",1,"BI","LOT MÉDICAL","CUSTO-MED","CO 50350 + CO 50359 + CARDIO-100 (CO 12026) + CO 85450 + Custo-Mini + ACC","-3,600.00 €"," 4,840.00 € ","SCHILLER",,,"HANS E RUTH","SE-1201"," 1,240.00 € ","GETINGE",,,"PHILIPS",,,,,,"ACJ","CM1200"," 1,788.46 € "
"MMGE-067","Moniteur, le transport: ECG, R, PNI, 1XT ª, SpO2","MONITOR",4,"BI","LOT MÉDICAL","DRAEGER","INFINITY-VISTA + BATERIA + ACC","-8,165.63 €"," 9,257.63 € ","SCHILLER",,,"HANS E RUTH","IM8B"," 1,092.00 € ","GETINGE",,,"PHILIPS",,,"DRAEGUER",,,"ACJ - COMEN","C30"," 2,031.67 € "
"MMIC-028","Nettoyage air / eau pistolet","CEYE",1,"BI","LOT MÉDICAL","MATACHANA",81180,-63.00 €," 400.00 € ",,,,"MATACHANA",81181," 337.00 € ",,,,,,,,,,,,
"MGFP-005","O2 débitmètre, à haut débit","ACC GAS",3,"BI","LOT MÉDICAL","PENLON",9910029,-16.65 €," 75.15 € ","PENLON","9910-029"," 58.50 € ",,,,,,,,,,,,,"TEDISEL",," 63.36 € "
"MMIC-071","Panier de chargement du stérilisateur","CEYE",10,"BI","LOT MÉDICAL","MATACHANA",85103,573.00 €," 120.00 € ",,,,"MATACHANA","85103.1"," 693.00 € ",,,,,,,,,,,,
"MMIC-071","Panier, 4 niveaux","CEYE",1,"BI","LOT MÉDICAL","MATACHANA","94393.9","-4,480.00 €"," 6,220.00 € ",,,,"MATACHANA","94815.3"," 1,740.00 € ",,,,,,,,,,,,
"MMGE-188","Pèse personne, électronique avec colonne et toise","DIAGN",1,"#N/A","#N/A","SECA","701 + 220",-257.74 €," 653.74 € ",,,,"HANS E RUTH","799+220"," 412.50 € ","ASMEDIC","9371 INNOVA PLUS"," 396.00 € ",,,,,,,,,
"MMGE-188","Pèse personne, mecanique avec colonne et toise","DIAGN",6,"BI","LOT MÉDICAL",,,,,,,,"HANS E RUTH","700+220"," 216.00 € ","ASMEDIC","9161 ASIMED S7200EU"," 236.00 € ",,,,,,,,,
"MMMA-012","Pèse-bébé électronique digital","DIAGN",1,"BI","LOT MÉDICAL","SECA",717,-658.00 €," 950.00 € ",,,,"HANS E RUTH",757," 864.00 € ","ASMEDIC","1775 ASIMED CIRO"," 292.00 € ",,,,,,,,,
"MMOP-035","Phare médicale c / source de lumière ","DIAGN",1,"BI","LOT MÉDICAL","Heine","3S LED + Mpack + EN50",-519.40 €," 2,199.40 € ",,,,"HANS E RUTH","ML4 C/EN50"," 1,680.00 € ",,,,,,,,,,,,
"MMLA-058","Plaque chauffante, lames porte-objet","LAB BASE",1,"#N/A","#N/A","FISCHER SCIENTIFIC ",77,426.36 €," 245.64 € ",,,,,,,,,,"LABOLAND",43822," 672.00 € ",,,,,,
"MMGE-135","Plate-forme de chargement","CEYE",2,"BI","LOT MÉDICAL",,,,,,,,"MATACHANA","54716.2"," 171.60 € ",,,,,,,,,,,,
"MMGE-177","Pompe à perfusion, Seringue ","INFUSION",2,"BI","LOT MÉDICAL","CAREFUSION","ALARIS CC",-503.06 €," 2,303.06 € ","BECTON DICKINSON","ALARIS GH"," 1,263.00 € ","BBRAUN","PERFUSOR SPACE"," 1,800.00 € ",,,,,,,,,,,,
"MMOP-058","Pompe volumétrique, 1 canal","INFUSION",4,"BI","LOT MÉDICAL","ALARIS","S.E. I - GR",-350.00 €," 2,100.00 € ","BECTON DICKINSON","ALARIS GW"," 1,228.00 € ","BBRAUN","INFUSOMAT SPACE"," 1,750.00 € ",,,,,,,,,,,,
,"Portable Intubation Fibroscope","ENDO",2,"BI","LOT MÉDICAL","PENTAX","FI-13-BS","7,532.91 €"," 5,394.00 € ","OLYMPUS",,,"PENTAX (SINMEDICA)",,,,,,,,,"OPTOMIC","OP-40 WCH + OP-LS5"," 12,926.91 € ",,,
,"Porte cuvette chirurgical, en acier inoxydable, 1 poste","MC",4,"MC","LOT MÉDICAL","INMOCLINC",25120,6.27 €," 77.00 € ",,,,"SALVADOR NAVARRO","SG.82.100I"," 88.70 € ",,,,,,,"INMOCLINIC",25120," 83.27 € ","HIDEMAR","H48.1"," 114.00 € "
,"Protecteur de la thyroïde","ACC RX",1,"MC","LOT MÉDICAL","ANKO EUROPA","AN45/050",16.07 €," 27.00 € ","DEXTRO MEDICA","X1523300"," 43.07 € ",,,,,,,,,,,,,,,
"MMMI-283","Rack, Tablier / Gants, fixé au mur","ACC RX",1,"MC","LOT MÉDICAL","PROTECX","2409 + 2 x 2412",-82.44 €," 404.10 € ","RADIAPROT",,,"PROMEGA","F57X3"," 321.66 € ",,,,,,,,,,,,
"MMGE-145","Réglez Kanban, petit","KANBAN",22,"MC","LOT MÉDICAL","MMS","E-4560210-LVC",-206.33 €," 218.38 € ","MMS","CM102604010"," 12.05 € ",,,,,,,,,,,,,,,
"MMGE-100","Régulateur de vide médical","ACC GAS",25,"BI","LOT MÉDICAL","PENLON",9510035,-95.25 €," 171.30 € ","PENLON",310101," 76.05 € ",,,,,,,,,,,,,"TEDISEL",," 127.98 € "
"MMHA-023","Respirateur de ventilation classique soins intensifs ","VENT",1,"BI","LOT MÉDICAL","DRAEGER","EVITA-XL","-32,193.00 €"," 43,293.00 € ",,,,,,,,,,"LOWENSTEIN","ELISA 500"," 11,100.00 € ","HAMILTON (DIREX)","C3 (con carro)"," 25,000.00 € ","ACJ - COMEN","V3"," 12,943.85 € "
"MMSP-031","Scialytique mobile, LED","LAMP QUIR",2,"BI","LOT MÉDICAL","TRUMPF","TRULIGHT 5300","-2,258.24 €"," 6,741.00 € ",,,,,,,"GETINGE","LUCEA LED50 SURGICAL LIGHT + POWER CORD C7"," 1,895.20 € ","BIÇAKCILAR","LUXLINE 1160A M1A50000"," 4,482.76 € ",,,,"ACJ - GETINGE","LUCEA 10"," 1,310.00 € "
"MMSP-027","Scialytique plafonnier à deux coupoles, LED","LAMP QUIR",1,"BI","LOT MÉDICAL","DRAEGER","POLARIS-700/500","-15,252.45 €"," 22,149.00 € ",,,,,,,"GETINGE","MAQUET VOLISTA ACCESS SURGUCAL LIGHT+MEDIUM CELILING COVER+WALL MOUNTED POWER MODULE+SUPENSION TUBE+CEILING ATTACHMENT+CEILING FLANGE"," 10,793.00 € ","BIÇAKCILAR","LUXLINE 2160 M1C50000"," 6,896.55 € ","DRAEGUER",,,"ACJ - COMEN","L5"," 6,214.29 € "
"MMSP-029","Scialytique plafonnier à une coupole, LED","LAMP QUIR",1,"BI","LOT MÉDICAL","TRUMPF","HELION-M+",-261.30 €," 4,744.06 € ","PEGISDAN","LEDD700"," 10,304.00 € ",,,,"GETINGE","MAQUET VOLISTA ACCESS SURGUCAL LIGHT+MEDIUM CELILING COVER+EPS 10 OR V2 POWER MODULE+SUPENSION TUBE+CEILING ATTACHMENT+CEILING FLANGE"," 6,397.00 € ","BIÇAKCILAR","LUXLINE 1160 M1B50000"," 4,482.76 € ","BRANDON MEDICAL (DIREX)","QUASAR ELITE"," 12,000.00 € ","ACJ - COMEN","L5B"," 4,071.43 € "
"MMGE-137","Soutien perfusion rodable","MC",25,"MC","LOT MÉDICAL","UMF MEDICAL","SS8343 2-Hook IV Pole",-155.69 €," 183.07 € ","PROVITA","I-N11121"," 37.10 € ","SALVADOR NAVARRO","SS.20.200L-G"," 27.38 € ",,,,,,,,,,"HIDEMAR","H164"," 32.00 € "
"MMIC-050","Soutirage tige 4 niveaux, 100x50x200 cm","CEYE",3,"#N/A","#N/A","MATACHANA",75057,824.00 €," 427.00 € ",,,,"MATACHANA",75057," 1,251.00 € ",,,,,,,,,,,,
"MMIC-053","Stérilisateur à basse température","CEYE","Optionnel","BI","LOT MÉDICAL","MATACHANA","130LF","-38,527.74 €"," 95,427.74 € ",,,,"MATACHANA","76120 + 76130"," 56,900.00 € ","GETINGE","A110DF H2O2 Plasma sperilizer+Agent Stericool Hydrogen Sterilant"," 44,848.44 € ",,,,,,,,,
"MMIC-056","Stérilisateur à vapeur, 1 STU","CEYE",1,"BI","LOT MÉDICAL","MATACHANA","SC501E-2",-821.90 €," 27,466.90 € ",,,,"MATACHANA","78870 + 57378"," 26,645.00 € ","GETINGE","STEAM STERILIZER SOLSUS 66+Rails+Shelf rack+LT Smart FHT"," 41,112.25 € ",,,,,,,,,
"FQSM-039","Support roulant, pour sac à déchets / lingerie, avec couvercle","MC",5,"MC","LOT MÉDICAL",,,,,,,,"SALVADOR NAVARRO","CRT.10C"," 150.96 € ",,,,,,,,,,"HIDEMAR","H961"," 182.00 € "
"MMGE-187","Surveillance centrale de 6 patients","MONITOR",1,"BI","LOT MÉDICAL","DRAEGER",,,,,,,"HANS E RUTH","SW CENTRAL + PC CENTRAL"," 4,192.00 € ",,,,"PHILIPS",,,"DRAEGUER",,,"ACJ - COMEN","STAR8800"," 10,700.00 € "
"MMGE-187-ACC1","Surveillance du patient, intensive, pour la centrale","MONITOR",3,"BI","LOT MÉDICAL",,,,,,,,"HANS E RUTH","IM8B"," 1,092.00 € ",,,,"PHILIPS",,,"DRAEGUER",,,"ACJ",,
"MMMI-283","Système CR pour châssis réutilisables","RX",1,"BI","LOT MÉDICAL",,,,,"FUJIFILM",,,"KONICA","SIGMA II + IMAGE PILOT"," 14,900.00 € ","SIEMENS",,,"PHILIPS",,,,,,"GE",,
"MMLA-078","Système de détection microbienne automatisé","LAB",1,"#N/A","#N/A","BIOMERIEUX","BACT-ALERT-3D",," 37,153.57 € ","BECTON DICKINSON",,,"BIOSYSTEMS",,,,,,,,,"BIOMEREUX","BACT-ALERT-3D"," 37,153.57 € ","BECKMAN COULTER","WalkAway 40 Plus w/LabPro",
"MMMI-283","Système de radiographie avec murale bucky, CR","RX",1,"BI","LOT MÉDICAL","GE HEALTHCARE","Optima XR646 + DICOM + Estación de Control-19"" ","-163,820.00 €"," 182,700.00 € ","BMI BIOMEDICAL","BRG-200R + BHT + BLC-TA + BVS-S + E7239X + AEC"," 18,880.00 € ","SHIMADZU",,,"SIEMENS",,,"PHILIPS",,,,,,"GE",,
"FQTA-001","Table de chevet ","LIT",12,"MC","LOT MÉDICAL",,,,,"MESPA","MS2131"," 59.48 € ",,,,"MEDISA",,,,,,,,,"HIDEMAR","H850"," 167.00 € "
"FQTA-001","Table de chevet avec cache ","LIT",3,"MC","LOT MÉDICAL","CUSTOM FABRICATION","Custom Design",-230.67 €," 327.27 € ","MESPA","MS2100"," 96.60 € ",,,,"MEDISA","MBBLOCK820SB"," 204.00 € ",,,,,,,,,
"FQTA-001","Table de chevet avec cache II","LIT",2,"MC","LOT MÉDICAL","HILL-ROM","BL260 (ADVANTAGE)",-346.00 €," 550.00 € ",,,,,,,"MEDISA","MBBLOCK820SB"," 204.00 € ",,,,,,,,,
"FQTA-013","Table de pont, hydraulique","MC",1,"MC","LOT MÉDICAL",,,,,,,,"SALVADOR NAVARRO","MI.48.001I"," 527.01 € ","MEDISA",,,,,,,,,"HIDEMAR","H112"," 139.00 € "
"FIJO-037","Table en acier inoxydable pour instrumental, 1000 mm","MC",2,"MC","LOT MÉDICAL","INMOCLINC",14503,-60.85 €," 315.33 € ",,,,"SALVADOR NAVARRO","MI.10.430I"," 254.48 € ","MEDISA",,,,,,"INMOCLINIC",14503," 260.05 € ","HIDEMAR","H22"," 309.00 € "
"MMIC-001","Table lavage ultrasons","CEYE",1,"BI","LOT MÉDICAL","MATACHANA","75176.1 (RTA-M 06)","-6,550.00 €"," 15,000.00 € ",,,,"MATACHANA","74524.1 + 94456.3"," 8,512.90 € ","MEDISA",,,,,,,,,,,
"FQTA-007","Table manger","MC",14,"MC","LOT MÉDICAL","HMS-VILGO"," AC800",-204.50 €," 267.50 € ",,,,"SALVADOR NAVARRO","MC.62.500P"," 184.20 € ","MEDISA","MB0355TRAYGAS"," 148.00 € ",,,,,,,"HIDEMAR","H111"," 63.00 € "
"FIJO-010","Table préparation et conditionnement","CEYE",3,"MC","LOT MÉDICAL","MATACHANA",75110,"-2,040.00 €"," 3,500.00 € ",,,,"MATACHANA",74591," 1,460.00 € ","MEDISA",,,,,,,,,,,
"FQDW-048","Table travaux, murale en acier inoxydable (mètre linéaire)","CEYE",5.5,"#N/A","#N/A","MATACHANA","76060.3",-248.00 €," 850.00 € ",,,,"MATACHANA",74502," 602.00 € ","MEDISA",,,,,,,,,,,
"MMGE-113","Tableau de côté deux étagères et des tiroirs, rodable","MC",3,"#N/A","#N/A","INMOCLINC",14120,-38.48 €," 250.05 € ",,,,"SALVADOR NAVARRO","MA.20.400I+2C40"," 211.57 € ","MEDISA",,,,,,"INMOCLINIC",14120," 278.10 € ","HIDEMAR","H216"," 237.00 € "
"MMOP-053","Tableau des opérations de électrohydrauliques accessoires généraux","QUIR",2,"#N/A","#N/A","TRUMPF","SATURN-SELECT-L + ACC-GENERALES","-8,918.21 €"," 18,832.00 € ","OPT",,,"FAMED",,,"GETINGE","MAQUET LYRA + 1130.64C0 + 1118.90J0 + 1131.31BC + 1133.58BC + 1002.57A0 + 1003.23C0 + 1001.6000"," 21,736.09 € ","BIÇAKCILAR","SURGILINE 3000R"," 9,913.79 € ",,,,"ACJ - COMEN","W3"," 22,928.57 € "
"MMOP-071","Tabouret assise tendue avec commande au pied","MC",2,"MC","LOT MÉDICAL","VOG MEDICAL","10.0484.02",-369.99 €," 430.33 € ","MESPA","MS1970"," 60.34 € ","SALVADOR NAVARRO","TQA.5095"," 1,149.90 € ","MEDISA",,,"BIÇAKCILAR","Physician stool w/foot control Ref: M0B 200 0 0"," 250.00 € ",,,,,,
"MMGE-014","Tabouret bas avec dossier, roulettes","CEYE",11,"MC","LOT MÉDICAL","UMF MEDICAL","6746 Ultra Comfort Stool",-13.40 €," 168.57 € ",,,,,,,"MEDISA",,,"BIÇAKCILAR","Physician chair Ref: M0B 100 0 0"," 155.17 € ",,,,"HIDEMAR","H156"," 38.00 € "
"MMSP-016","Tête / colonne de l'UCI","SKYBOOMS",4,"MC","LOT MÉDICAL","DRAEGER","AGILA (DOUBLE)","-18,150.42 €"," 19,008.00 € ","PEGISDAN","PGD1500 U.C.I."," 840.00 € ","LAMP","CPE37045 1500MM"," 459.73 € ","DZ MEDICALE","TTL PRIMULA"," 495.00 € ","NORMACLINIC","UCI617P"," 5,380.45 € ","DRAEGUER",,,"TEDISEL","AURA200+PORTE SERUM + BRAS SSUPORT"," 857.58 € "
"MMSP-026","Tête de lit préfabriqué, 1 lit","SKYBOOMS",4,"MC","LOT MÉDICAL","HILL-ROM","MS100-L-3500-OOVV99",-655.75 €," 1,035.50 € ","PEGISDAN","PGD1500"," 770.00 € ","LAMP","CPE37045 1500MM"," 459.73 € ","DZ MEDICALE","TTL GIRASOLE"," 419.00 € ","NORMACLINIC","ARDYS3051"," 760.74 € ",,,,"TEDISEL","N270"," 379.75 € "
"MMSP-026","Tête de lit vertical, 1 lit VIP","SKYBOOMS",2,"MC","LOT MÉDICAL","TRILUX","BS400/M/I Inst-System","-3,074.80 €"," 3,599.93 € ","PEGISDAN","PGD1500"," 800.00 € ","LAMP","CPE37046 1500MM"," 483.29 € ","DZ MEDICALE","TTL GIRASOLE"," 419.00 € ","NORMACLINIC","ARDYSP1065"," 1,212.14 € ",,,,"TEDISEL","AIS Verticale"," 525.13 € "
"MMSP-026","Tête de lit, double (2,5 m)","SKYBOOMS",4,"MC","LOT MÉDICAL","HILL-ROM","MS100-L-1-2500-OV99 (2,5)",-388.67 €," 1,139.05 € ","PEGISDAN","PGD3500"," 1,420.00 € ","LAMP","CPE37047 3500MM"," 999.75 € ","DZ MEDICALE","TTL GIRASOLE"," 657.00 € ","NORMACLINIC","ARDYS3051A"," 1,525.29 € ",,,,"TEDISEL","N270 Double"," 750.38 € "
"MMGE-103","Thermomètre électronique","DIAGN",1,"BI","LOT MÉDICAL"," Welch Allyn  ","SureTemp® Plus 690",-148.96 €," 184.96 € ",,,,"HANS E RUTH","BOSOTHERM BS5210030"," 36.00 € ",,,,,,,,,,,,
"MMOP-072","Tour d'Image pour la chirurgie endoscope","ENDO",1,"BI","LOT MÉDICAL","OLYMPUS (pour la chirurgie laparoscopique, gynécologie, traumatologie, urologie, ORL)","CV-190 + OTV-S7PROH-HD-12Q + OTV-S7PROH-HD-12E + 2xCABLE DE LUZ + 2xMONITOR MEDICO DE 21"" + UCR INSUFLADOR DE LAPAROSCOPIA DE CO2 + ACC","-27,510.44 €"," 77,455.44 € ","OLYMPUS","WM-NP3+MAJ-2216+MAJ-2165+Monitor+OTV-S200+UHI-4"," 49,945.00 € ","PENTAX (SINMEDICA)",,,"GETINGE",,,"PHILIPS",,,"OPTOMIC","OP-2000HD + FIBROLUX LED HP DUO + FM134 50L"," 46,962.17 € ","ACJ - CONMED","CONMED"," 53,214.29 € "
"MMOP-085","Unité d'anesthésie paramètres vitaux de surveillance ","ANEST",1,"BI","LOT MÉDICAL","DRAEGER","FABIUS GS PREMIUM + 2xVAPOR  + KAPPA-15""","-39,850.00 €"," 59,850.00 € ","PENLON","PRIMA320 + ANAVUE 4000"," 16,690.05 € ","HERSILL","GENESIS +KIT MULTIGAS/O2+MONITOR SIGNOS VITALES IM80"," 26,152.00 € ","GETINGE","MAQUET FLOW-C"," 25,000.00 € ","LOWENSTEIN","LEON PLUS"," 20,000.00 € ","LOWENSTEIN (DIREX)","LEON + Carro"," 25,000.00 € ","ACJ - COMEN","AX500"," 15,155.77 € "
"MMLA-070","Unité d'extraction à vide","DIAGN",1,"BI","LOT MÉDICAL","ATMOS","S351 NATAL (444.0482.0) + 404.0155.0 + 404.0156.0 + 404.0157.0","-3,759.50 €"," 4,945.00 € ",,,,"HERSILL","V7 (5320271) + VENTOSAS"," 1,185.50 € ","ATMOS","S351 NATAL (444.0482.0) + 404.0155.0 + 404.0156.0 + 404.0157.0"," 5,847.00 € ",,,,,,,,,
"MMOP-043","Unité électro-dissection","BISTURI",1,"BI","LOT MÉDICAL","VALLEYLAB","FORCETRIAD","-15,980.00 €"," 25,000.00 € ","OLYMPUS","ESG-410 + FOOT DOUBLE"," 9,020.00 € ","MEDTRONIC",,,"BOWA",,,"SIMMEDICA",,,,,,,,
"MMHA-023","Ventilateur de réanimation","VENT",1,"BI","LOT MÉDICAL","DRÄGER","OXYLOG 3000 PLUS",-724.48 €," 11,824.48 € ",,,,,,,"GETINGE","SERVO-air+6889025+6882119+6883861+6883865+6884310+6237684+6881999+6882001+6595487+6545110+6883502+6150754"," 15,000.00 € ","LOWENSTEIN","ELISA 500"," 11,100.00 € ","HAMILTON (DIREX)","C3 (con carro)"," 25,000.00 € ","ACJ - COMEN","V3"," 12,943.85 € "
"MMHA-023","Ventilateur de transport","VENT",4,"BI","LOT MÉDICAL","DRAEGER","OXYLOG 3000 PLUS","-2,043.00 €"," 12,543.00 € ",,,,"HERSILL","VITAE40 (5200800)+OPC"," 7,748.40 € ","GETINGE",,,"LOWENSTEIN","ELISA 300"," 10,500.00 € ","HAMILTON (DIREX)","C1 (con carro)"," 16,000.00 € ","ACJ - COMEN","V1"," 14,535.71 € "
"FQSN-016","Vitrine médicale, 600 mm","MC",9,"MC","LOT MÉDICAL","INMOCLINC",24170,-131.00 €," 370.00 € ",,,,"SALVADOR NAVARRO","VM.10.000P"," 127.15 € ",,,,,,,"INMOCLINIC",24170," 423.82 € ","HIDEMAR","H77"," 239.00 € "
"MMOP-082","Cistoscopio","ENDO",1,"BI",,,,,,"OLYMPUS","CYF-5A"," 6,283.29 € ",,,,,,,,,,"OPTOMIC","OP-14 WCH"," 12,146.46 € ",,,
,"Ureteroscopio","ENDO",1,"BI",,,,,,"OLYMPUS","URF-P7"," 6,066.67 € ",,,,,,,,,,"OPTOMIC",,,,,
"MMLA-006","Appareil automatique pour la biochimie sérique","LAB",1,"BI",,"ROCHE","COBAS-8000 (c701 + c701)","-303,230.00 €"," 350,000.00 € ","ROCHE","4000 C311 STAND ALONE"," 46,770.00 € ",,,,,,,,,,"ABBOT (BIOMAX MAURITANIE)",,,"BECKMAN COULTER",,
